recommend,year,sentiment_analysis,title
0,2014,0,Killing Floor
0,2014,0,Killing Floor
0,2014,0,Killing Floor
0,2015,0,Killing Floor
0,2015,0,Euro Truck Simulator 2
0,2015,0,Euro Truck Simulator 2
0,2015,0,Gnomoria
0,2014,0,The Witcher 2: Assassins of Kings Enhanced Edition
0,2014,0,Max Payne 3
0,2014,0,Defiance
0,2015,0,Defiance
0,2014,0,Defiance
0,2014,0,Defiance
0,2015,0,The Walking Dead
0,2014,0,DARK SOULS™: Prepare To Die™ Edition
0,2015,0,DARK SOULS™: Prepare To Die™ Edition
0,2015,0,DARK SOULS™: Prepare To Die™ Edition
0,2014,0,DARK SOULS™: Prepare To Die™ Edition
0,2014,0,DARK SOULS™: Prepare To Die™ Edition
0,2014,0,DARK SOULS™: Prepare To Die™ Edition
0,2015,0,DARK SOULS™: Prepare To Die™ Edition
0,2015,0,DARK SOULS™: Prepare To Die™ Edition
0,2014,0,DARK SOULS™: Prepare To Die™ Edition
0,2014,0,DARK SOULS™: Prepare To Die™ Edition
0,2014,0,DARK SOULS™: Prepare To Die™ Edition
0,2014,0,Starbound
0,2015,0,Starbound
0,2014,0,Starbound
0,2015,0,Starbound
0,2015,0,Starbound
0,2015,0,Counter-Strike: Global Offensive
0,2015,0,Counter-Strike: Global Offensive
0,2014,0,Counter-Strike: Global Offensive
0,2014,0,Counter-Strike: Global Offensive
0,2015,0,Counter-Strike: Global Offensive
0,2015,0,Counter-Strike: Global Offensive
0,2015,0,Counter-Strike: Global Offensive
0,2015,0,Counter-Strike: Global Offensive
0,2015,0,Counter-Strike: Global Offensive
0,2015,0,Counter-Strike: Global Offensive
0,2015,0,Counter-Strike: Global Offensive
0,2014,0,Counter-Strike: Global Offensive
0,2015,0,Counter-Strike: Global Offensive
0,2015,0,Counter-Strike: Global Offensive
0,2015,0,Counter-Strike: Global Offensive
0,2014,0,Counter-Strike: Global Offensive
0,2013,0,Counter-Strike: Global Offensive
0,2015,0,Counter-Strike: Global Offensive
0,2015,0,Counter-Strike: Global Offensive
0,2015,0,Counter-Strike: Global Offensive
0,2014,0,Counter-Strike: Global Offensive
0,2014,0,Counter-Strike: Global Offensive
0,2014,0,Counter-Strike: Global Offensive
0,2014,0,Counter-Strike: Global Offensive
0,2015,0,Counter-Strike: Global Offensive
0,2014,0,Counter-Strike: Global Offensive
0,2015,0,Counter-Strike: Global Offensive
0,2015,0,Counter-Strike: Global Offensive
0,2015,0,Counter-Strike: Global Offensive
0,2015,0,Counter-Strike: Global Offensive
0,2015,0,Counter-Strike: Global Offensive
0,2014,0,Counter-Strike: Global Offensive
0,2014,0,Counter-Strike: Global Offensive
0,2015,0,Counter-Strike: Global Offensive
0,2013,0,Counter-Strike: Global Offensive
0,2011,0,Counter-Strike: Global Offensive
0,2013,0,Counter-Strike: Global Offensive
0,2013,0,Counter-Strike: Global Offensive
0,2015,0,Counter-Strike: Global Offensive
0,2015,0,Counter-Strike: Global Offensive
0,2015,0,Counter-Strike: Global Offensive
0,2014,0,Counter-Strike: Global Offensive
0,2014,0,Counter-Strike: Global Offensive
0,2015,0,Counter-Strike: Global Offensive
0,2015,0,Counter-Strike: Global Offensive
0,2013,0,Counter-Strike: Global Offensive
0,2014,0,Counter-Strike: Global Offensive
0,2014,0,Counter-Strike: Global Offensive
0,2015,0,Counter-Strike: Global Offensive
0,2015,0,Counter-Strike: Global Offensive
0,2015,0,Counter-Strike: Global Offensive
0,2015,0,Counter-Strike: Global Offensive
0,2015,0,Counter-Strike: Global Offensive
0,2015,0,Counter-Strike: Global Offensive
0,2015,0,Counter-Strike: Global Offensive
0,2015,0,Counter-Strike: Global Offensive
0,2014,0,Counter-Strike: Global Offensive
0,2013,0,Counter-Strike: Global Offensive
0,2015,0,Counter-Strike: Global Offensive
0,2014,0,Counter-Strike: Global Offensive
0,2014,0,Counter-Strike: Global Offensive
0,2015,0,Counter-Strike: Global Offensive
0,2015,0,Counter-Strike: Global Offensive
0,2013,0,Counter-Strike: Global Offensive
0,2014,0,Counter-Strike: Global Offensive
0,2015,0,Counter-Strike: Global Offensive
0,2015,0,Counter-Strike: Global Offensive
0,2015,0,Counter-Strike: Global Offensive
0,2015,0,Counter-Strike: Global Offensive
0,2014,0,Counter-Strike: Global Offensive
0,2014,0,Counter-Strike: Global Offensive
0,2014,0,Counter-Strike: Global Offensive
0,2015,0,Counter-Strike: Global Offensive
0,2015,0,Counter-Strike: Global Offensive
0,2014,0,Counter-Strike: Global Offensive
0,2015,0,Counter-Strike: Global Offensive
0,2015,0,Counter-Strike: Global Offensive
0,2015,0,Counter-Strike: Global Offensive
0,2015,0,Counter-Strike: Global Offensive
0,2014,0,Counter-Strike: Global Offensive
0,2015,0,Counter-Strike: Global Offensive
0,2014,0,Counter-Strike: Global Offensive
0,2015,0,Counter-Strike: Global Offensive
0,2015,0,Counter-Strike: Global Offensive
0,2014,0,Counter-Strike: Global Offensive
0,2015,0,Counter-Strike: Global Offensive
0,2014,0,Counter-Strike: Global Offensive
0,2014,0,Counter-Strike: Global Offensive
0,2013,0,Counter-Strike: Global Offensive
0,2015,0,Counter-Strike: Global Offensive
0,2014,0,Counter-Strike: Global Offensive
0,2014,0,Counter-Strike: Global Offensive
0,2013,0,Counter-Strike: Global Offensive
0,2014,0,Counter-Strike: Global Offensive
0,2015,0,Counter-Strike: Global Offensive
0,2014,0,Counter-Strike: Global Offensive
0,2014,0,Counter-Strike: Global Offensive
0,2015,0,Counter-Strike: Global Offensive
0,2014,0,Counter-Strike: Global Offensive
0,2014,0,Counter-Strike: Global Offensive
0,2015,0,Counter-Strike: Global Offensive
0,2014,0,Counter-Strike: Global Offensive
0,2014,0,Counter-Strike: Global Offensive
0,2015,0,Counter-Strike: Global Offensive
0,2015,0,Counter-Strike: Global Offensive
0,2014,0,Counter-Strike: Global Offensive
0,2014,0,Counter-Strike: Global Offensive
0,2013,0,Counter-Strike: Global Offensive
0,2014,0,Counter-Strike: Global Offensive
0,2014,0,Counter-Strike: Global Offensive
0,2015,0,Counter-Strike: Global Offensive
0,2015,0,Counter-Strike: Global Offensive
0,2015,0,Counter-Strike: Global Offensive
0,2015,0,Counter-Strike: Global Offensive
0,2015,0,Counter-Strike: Global Offensive
0,2014,0,Counter-Strike: Global Offensive
0,2014,0,Counter-Strike: Global Offensive
0,2014,0,Counter-Strike: Global Offensive
0,2015,0,Counter-Strike: Global Offensive
0,2015,0,Counter-Strike: Global Offensive
0,2014,0,Counter-Strike: Global Offensive
0,2014,0,Counter-Strike: Global Offensive
0,2014,0,Counter-Strike: Global Offensive
0,2015,0,Counter-Strike: Global Offensive
0,2014,0,Counter-Strike: Global Offensive
0,2015,0,Counter-Strike: Global Offensive
0,2015,0,Awesomenauts - the 2D moba
0,2014,0,Awesomenauts - the 2D moba
0,2014,0,Awesomenauts - the 2D moba
0,2014,0,Awesomenauts - the 2D moba
0,2015,0,Awesomenauts - the 2D moba
0,2014,0,Awesomenauts - the 2D moba
0,2014,0,Awesomenauts - the 2D moba
0,2014,0,LEGO® Marvel™ Super Heroes
0,2014,0,Left 4 Dead 2
0,2014,0,Left 4 Dead 2
0,2014,0,Left 4 Dead 2
0,2014,0,Left 4 Dead 2
0,2013,0,Left 4 Dead 2
0,2015,0,Left 4 Dead 2
0,2014,0,Left 4 Dead 2
0,2014,0,Left 4 Dead 2
0,2015,0,Half-Life 2
0,2014,0,Half-Life 2
0,2014,0,Half-Life 2
0,2014,0,Half-Life 2
0,2015,0,Team Fortress 2
0,2015,0,Team Fortress 2
0,2015,0,Team Fortress 2
0,2014,0,Team Fortress 2
0,2013,0,Team Fortress 2
0,2012,0,Team Fortress 2
0,2015,0,Team Fortress 2
0,2015,0,Team Fortress 2
0,2014,0,Team Fortress 2
0,2014,0,Team Fortress 2
0,2013,0,Team Fortress 2
0,2011,0,Team Fortress 2
0,2015,0,Team Fortress 2
0,2012,0,Team Fortress 2
0,2014,0,Team Fortress 2
0,2014,0,Team Fortress 2
0,2015,0,Team Fortress 2
0,2015,0,Team Fortress 2
0,2013,0,Team Fortress 2
0,2015,0,Team Fortress 2
0,2013,0,Team Fortress 2
0,2014,0,Team Fortress 2
0,2014,0,Team Fortress 2
0,2013,0,Team Fortress 2
0,2013,0,Team Fortress 2
0,2015,0,Team Fortress 2
0,2015,0,Team Fortress 2
0,2015,0,Team Fortress 2
0,2013,0,Team Fortress 2
0,2014,0,Team Fortress 2
0,2015,0,Team Fortress 2
0,2013,0,Team Fortress 2
0,2015,0,Team Fortress 2
0,2015,0,Team Fortress 2
0,2014,0,Team Fortress 2
0,2015,0,Team Fortress 2
0,2014,0,Team Fortress 2
0,2015,0,Team Fortress 2
0,2015,0,Team Fortress 2
0,2014,0,Team Fortress 2
0,2014,0,Team Fortress 2
0,2015,0,Team Fortress 2
0,2014,0,Team Fortress 2
0,2014,0,Team Fortress 2
0,2014,0,Team Fortress 2
0,2013,0,Team Fortress 2
0,2013,0,Team Fortress 2
0,2013,0,Team Fortress 2
0,2014,0,Team Fortress 2
0,2015,0,Team Fortress 2
0,2013,0,Team Fortress 2
0,2014,0,Rocket League®
0,2015,0,Rocket League®
0,2015,0,Rocket League®
0,2014,0,Rocket League®
0,2015,0,Rocket League®
0,2015,0,Unturned
0,2014,0,Unturned
0,2015,0,Unturned
0,2015,0,Unturned
0,2014,0,Unturned
0,2014,0,Unturned
0,2015,0,Unturned
0,2014,0,Unturned
0,2015,0,Unturned
0,2015,0,Unturned
0,2015,0,Unturned
0,2014,0,Unturned
0,2014,0,Unturned
0,2014,0,Unturned
0,2014,0,Unturned
0,2013,0,Unturned
0,2014,0,Unturned
0,2013,0,Unturned
0,2014,0,Unturned
0,2015,0,Unturned
0,2014,0,Unturned
0,2015,0,Unturned
0,2014,0,Unturned
0,2012,0,Unturned
0,2012,0,Unturned
0,2014,0,Unturned
0,2015,0,Unturned
0,2014,0,Unturned
0,2014,0,Unturned
0,2014,0,Unturned
0,2015,0,Unturned
0,2014,0,Unturned
0,2015,0,Unturned
0,2015,0,Unturned
0,2014,0,Unturned
0,2014,0,Unturned
0,2015,0,Unturned
0,2014,0,Unturned
0,2015,0,Unturned
0,2014,0,Unturned
0,2014,0,Unturned
0,2014,0,Unturned
0,2015,0,Unturned
0,2015,0,Unturned
0,2015,0,Unturned
0,2015,0,Unturned
0,2015,0,Unturned
0,2015,0,Unturned
0,2015,0,Unturned
0,2014,0,Garry's Mod
0,2014,0,Garry's Mod
0,2014,0,Garry's Mod
0,2014,0,Garry's Mod
0,2014,0,Garry's Mod
0,2014,0,Garry's Mod
0,2014,0,Garry's Mod
0,2015,0,Garry's Mod
0,2014,0,Garry's Mod
0,2014,0,Garry's Mod
0,2013,0,Garry's Mod
0,2015,0,Garry's Mod
0,2015,0,Garry's Mod
0,2015,0,Garry's Mod
0,2014,0,Garry's Mod
0,2015,0,Garry's Mod
0,2015,0,Garry's Mod
0,2014,0,Garry's Mod
0,2014,0,Garry's Mod
0,2013,0,Garry's Mod
0,2015,0,Garry's Mod
0,2014,0,Garry's Mod
0,2015,0,Killing Floor 2
0,2015,0,Killing Floor 2
0,2015,0,Killing Floor 2
0,2015,0,Killing Floor 2
0,2015,0,Killing Floor 2
0,2014,0,Killing Floor 2
0,2013,0,Killing Floor 2
0,2015,0,Killing Floor 2
0,2014,0,Killing Floor 2
0,2015,0,Killing Floor 2
0,2015,0,Killing Floor 2
0,2014,0,No More Room in Hell
0,2015,0,No More Room in Hell
0,2014,0,No More Room in Hell
0,2013,0,No More Room in Hell
0,2014,0,No More Room in Hell
0,2014,0,No More Room in Hell
0,2013,0,No More Room in Hell
0,2014,0,No More Room in Hell
0,2014,0,Borderlands 2
0,2014,0,Borderlands 2
0,2014,0,Borderlands 2
0,2015,0,Borderlands 2
0,2014,0,Borderlands 2
0,2013,0,Kerbal Space Program
0,2014,0,Sniper Elite 3
0,2014,0,Sniper Elite 3
0,2015,0,Vector Thrust
0,2015,0,Vector Thrust
0,2014,0,BioShock Infinite
0,2015,0,BioShock Infinite
0,2014,0,BioShock Infinite
0,2014,0,BioShock Infinite
0,2014,0,BioShock Infinite
0,2015,0,Arma 2: Operation Arrowhead
0,2014,0,Arma 2: Operation Arrowhead
0,2015,0,Arma 2: Operation Arrowhead
0,2014,0,Chivalry: Medieval Warfare
0,2015,0,Chivalry: Medieval Warfare
0,2013,0,Chivalry: Medieval Warfare
0,2014,0,Chivalry: Medieval Warfare
0,2015,0,Chivalry: Medieval Warfare
0,2014,0,Chivalry: Medieval Warfare
0,2013,0,Chivalry: Medieval Warfare
0,2015,0,Chivalry: Medieval Warfare
0,2014,0,Chivalry: Medieval Warfare
0,2014,0,Chivalry: Medieval Warfare
0,2015,0,Chivalry: Medieval Warfare
0,2015,0,Chivalry: Medieval Warfare
0,2014,0,Chivalry: Medieval Warfare
0,2015,0,Chivalry: Medieval Warfare
0,2015,0,Chivalry: Medieval Warfare
0,2015,0,Chivalry: Medieval Warfare
0,2014,0,Loadout
0,2014,0,Loadout
0,2014,0,Loadout
0,2015,0,Loadout
0,2015,0,Loadout
0,2014,0,Loadout
0,2014,0,Loadout
0,2013,0,Loadout
0,2014,0,Loadout
0,2014,0,Loadout
0,2014,0,Loadout
0,2014,0,Loadout
0,2015,0,Loadout
0,2014,0,Loadout
0,2014,0,Loadout
0,2015,0,Loadout
0,2014,0,Loadout
0,2014,0,Loadout
0,2014,0,Loadout
0,2014,0,Loadout
0,2014,0,Loadout
0,2014,0,Loadout
0,2014,0,Loadout
0,2014,0,Loadout
0,2013,0,Injustice: Gods Among Us Ultimate Edition
0,2014,0,DayZ
0,2015,0,DayZ
0,2015,0,DayZ
0,2015,0,DayZ
0,2015,0,DayZ
0,2014,0,DayZ
0,2015,0,DayZ
0,2015,0,DayZ
0,2015,0,DayZ
0,2014,0,DayZ
0,2014,0,DayZ
0,2015,0,DayZ
0,2015,0,DayZ
0,2015,0,DayZ
0,2015,0,DayZ
0,2013,0,DayZ
0,2015,0,DayZ
0,2014,0,DayZ
0,2014,0,DayZ
0,2014,0,DayZ
0,2014,0,DayZ
0,2014,0,DayZ
0,2014,0,DayZ
0,2015,0,DayZ
0,2015,0,DayZ
0,2015,0,DayZ
0,2014,0,DayZ
0,2015,0,DayZ
0,2012,0,DayZ
0,2014,0,DayZ
0,2015,0,DayZ
0,2014,0,DayZ
0,2014,0,DayZ
0,2015,0,DayZ
0,2015,0,DayZ
0,2015,0,DayZ
0,2014,0,DayZ
0,2015,0,DayZ
0,2015,0,DayZ
0,2014,0,DayZ
0,2015,0,DayZ
0,2014,0,DayZ
0,2014,0,DayZ
0,2015,0,DayZ
0,2015,0,DayZ
0,2015,0,DayZ
0,2014,0,DayZ
0,2014,0,DayZ
0,2014,0,DayZ
0,2015,0,DayZ
0,2014,0,DayZ
0,2013,0,DayZ
0,2014,0,DayZ
0,2014,0,DayZ
0,2015,0,DayZ
0,2015,0,DayZ
0,2015,0,DayZ
0,2015,0,DayZ
0,2014,0,DayZ
0,2014,0,DayZ
0,2014,0,DayZ
0,2015,0,DayZ
0,2014,0,DayZ
0,2014,0,DayZ
0,2014,0,DayZ
0,2014,0,DayZ
0,2014,0,DayZ
0,2015,0,DayZ
0,2015,0,DayZ
0,2015,0,DayZ
0,2015,0,DayZ
0,2014,0,DayZ
0,2014,0,DayZ
0,2014,0,DayZ
0,2014,0,DayZ
0,2015,0,DayZ
0,2015,0,DayZ
0,2014,0,DayZ
0,2015,0,TERA
0,2015,0,TERA
0,2014,0,BattleBlock Theater®
0,2015,0,BattleBlock Theater®
0,2014,0,Bad Rats: the Rats' Revenge
0,2015,0,Bad Rats: the Rats' Revenge
0,2015,0,Bad Rats: the Rats' Revenge
0,2014,0,Bad Rats: the Rats' Revenge
0,2015,0,Bad Rats: the Rats' Revenge
0,2015,0,Bad Rats: the Rats' Revenge
0,2015,0,Bad Rats: the Rats' Revenge
0,2015,0,Bad Rats: the Rats' Revenge
0,2014,0,Bad Rats: the Rats' Revenge
0,2014,0,Bad Rats: the Rats' Revenge
0,2013,0,The Binding of Isaac
0,2014,0,The Binding of Isaac
0,2014,0,South Park™: The Stick of Truth™
0,2014,0,Terraria
0,2014,0,Terraria
0,2014,0,Terraria
0,2015,0,Terraria
0,2015,0,Terraria
0,2015,0,Terraria
0,2015,0,Terraria
0,2015,0,Terraria
0,2015,0,Portal 2
0,2015,0,Double Action: Boogaloo
0,2014,0,Cry of Fear
0,2015,0,Cry of Fear
0,2014,0,Cry of Fear
0,2015,0,Cry of Fear
0,2015,0,Cry of Fear
0,2015,0,Cry of Fear
0,2015,0,Block N Load
0,2015,0,Block N Load
0,2015,0,Block N Load
0,2013,0,Block N Load
0,2015,0,Block N Load
0,2014,0,Block N Load
0,2015,0,Block N Load
0,2015,0,Block N Load
0,2015,0,Don't Starve Together
0,2015,0,Castle Crashers®
0,2015,0,Castle Crashers®
0,2015,0,Castle Crashers®
0,2015,0,Source Filmmaker
0,2013,0,Source Filmmaker
0,2014,0,Source Filmmaker
0,2014,0,MachineCraft
0,2015,0,Toribash
0,2015,0,Toribash
0,2014,0,Toribash
0,2014,0,Toribash
0,2014,0,Toribash
0,2014,0,Toribash
0,2015,0,The Escapists
0,2015,0,The Escapists
0,2015,0,Emily is Away
0,2015,0,Emily is Away
0,2015,0,Emily is Away
0,2015,0,Emily is Away
0,2015,0,Emily is Away
0,2015,0,Emily is Away
0,2014,0,Insurgency
0,2015,0,Insurgency
0,2014,0,Insurgency
0,2015,0,Insurgency
0,2015,0,Insurgency
0,2014,0,Insurgency
0,2015,0,Insurgency
0,2015,0,Fallout 4
0,2015,0,Fallout 4
0,2014,0,Fallout 4
0,2014,0,Fallout 4
0,2014,0,Fallout 4
0,2013,0,Fallout 4
0,2014,0,Fallout 4
0,2015,0,Fallout 4
0,2015,0,Fallout 4
0,2015,0,Fallout 4
0,2014,0,Fallout 4
0,2015,0,Fallout 4
0,2014,0,Fallout 4
0,2015,0,Fallout 4
0,2013,0,Fallout 4
0,2015,0,Rust
0,2014,0,Rust
0,2014,0,Rust
0,2014,0,Rust
0,2013,0,Rust
0,2015,0,Rust
0,2014,0,Rust
0,2015,0,Rust
0,2013,0,Rust
0,2015,0,Rust
0,2015,0,Rust
0,2015,0,Rust
0,2015,0,Rust
0,2014,0,Rust
0,2015,0,Rust
0,2014,0,Rust
0,2014,0,Rust
0,2015,0,Rust
0,2014,0,Rust
0,2015,0,Rust
0,2014,0,Rust
0,2013,0,Rust
0,2015,0,Rust
0,2015,0,Rust
0,2012,0,Rust
0,2015,0,Rust
0,2014,0,Rust
0,2015,0,Rust
0,2013,0,Rust
0,2015,0,Rust
0,2015,0,Rust
0,2015,0,Rust
0,2015,0,Rust
0,2013,0,Rust
0,2014,0,Rust
0,2015,0,Rust
0,2015,0,Rust
0,2015,0,Rust
0,2015,0,Rust
0,2015,0,Rust
0,2015,0,Rust
0,2015,0,Rust
0,2015,0,Rust
0,2015,0,Rust
0,2014,0,Rust
0,2014,0,Rust
0,2014,0,Rust
0,2015,0,Rust
0,2015,0,Rust
0,2015,0,Rust
0,2014,0,Rust
0,2014,0,Rust
0,2014,0,Rust
0,2015,0,Rust
0,2015,0,Reign Of Kings
0,2015,0,Reign Of Kings
0,2015,0,Reign Of Kings
0,2015,0,Reign Of Kings
0,2015,0,Reign Of Kings
0,2015,0,Reign Of Kings
0,2015,0,Reign Of Kings
0,2015,0,Reign Of Kings
0,2014,0,DARK SOULS™ II
0,2015,0,Mirror's Edge™
0,2014,0,Mirror's Edge™
0,2013,0,Mirror's Edge™
0,2015,0,Yet Another Zombie Defense
0,2014,0,Yet Another Zombie Defense
0,2014,0,Yet Another Zombie Defense
0,2015,0,Depth
0,2015,0,Dirty Bomb®
0,2015,0,Dirty Bomb®
0,2015,0,Dirty Bomb®
0,2015,0,Dirty Bomb®
0,2015,0,Dirty Bomb®
0,2015,0,Dirty Bomb®
0,2015,0,Dirty Bomb®
0,2015,0,Dirty Bomb®
0,2014,0,Dirty Bomb®
0,2015,0,Dirty Bomb®
0,2015,0,Dirty Bomb®
0,2015,0,Dirty Bomb®
0,2015,0,Dirty Bomb®
0,2014,0,Star Conflict
0,2015,0,Star Conflict
0,2014,0,Star Conflict
0,2015,0,Pixel Piracy
0,2014,0,Pixel Piracy
0,2014,0,Pixel Piracy
0,2015,0,Pixel Piracy
0,2015,0,Five Nights at Freddy's 2
0,2014,0,Five Nights at Freddy's 2
0,2015,0,Life is Strange - Episode 1
0,2015,0,Life is Strange - Episode 1
0,2015,0,Life is Strange - Episode 1
0,2014,0,Saints Row: The Third
0,2014,0,Saints Row: The Third
0,2015,0,STAR WARS™ - The Force Unleashed™ Ultimate Sith Edition
0,2015,0,STAR WARS™ - The Force Unleashed™ Ultimate Sith Edition
0,2015,0,STAR WARS™ - The Force Unleashed™ Ultimate Sith Edition
0,2015,0,Red Orchestra 2: Heroes of Stalingrad with Rising Storm
0,2015,0,Killing Floor: Uncovered
0,2013,0,Undertale
0,2015,0,Undertale
0,2014,0,Undertale
0,2015,0,Undertale
0,2015,0,Undertale
0,2015,0,APB Reloaded
0,2015,0,APB Reloaded
0,2015,0,APB Reloaded
0,2015,0,APB Reloaded
0,2015,0,APB Reloaded
0,2014,0,APB Reloaded
0,2014,0,APB Reloaded
0,2014,0,APB Reloaded
0,2015,0,APB Reloaded
0,2014,0,APB Reloaded
0,2014,0,APB Reloaded
0,2015,0,APB Reloaded
0,2013,0,APB Reloaded
0,2015,0,APB Reloaded
0,2013,0,XCOM: Enemy Unknown
0,2015,0,XCOM: Enemy Unknown
0,2015,0,XCOM: Enemy Unknown
0,2015,0,Realm of the Mad God
0,2014,0,Realm of the Mad God
0,2015,0,Realm of the Mad God
0,2015,0,Realm of the Mad God
0,2015,0,Realm of the Mad God
0,2015,0,Realm of the Mad God
0,2014,0,Realm of the Mad God
0,2015,0,Realm of the Mad God
0,2014,0,Realm of the Mad God
0,2014,0,Realm of the Mad God
0,2014,0,Realm of the Mad God
0,2014,0,Realm of the Mad God
0,2015,0,Realm of the Mad God
0,2015,0,Realm of the Mad God
0,2014,0,Realm of the Mad God
0,2015,0,Realm of the Mad God
0,2014,0,Realm of the Mad God
0,2015,0,Trove
0,2015,0,Trove
0,2015,0,Trove
0,2014,0,Trove
0,2014,0,Trove
0,2015,0,Trove
0,2015,0,Trove
0,2015,0,Trove
0,2015,0,Trove
0,2015,0,Trove
0,2012,0,Trove
0,2015,0,Trove
0,2015,0,Trove
0,2013,0,Sanctum 2
0,2014,0,Need For Speed: Hot Pursuit
0,2014,0,theHunter Classic
0,2015,0,theHunter Classic
0,2015,0,theHunter Classic
0,2014,0,theHunter Classic
0,2014,0,theHunter Classic
0,2015,0,theHunter Classic
0,2015,0,theHunter Classic
0,2014,0,theHunter Classic
0,2014,0,theHunter Classic
0,2014,0,theHunter Classic
0,2014,0,theHunter Classic
0,2014,0,theHunter Classic
0,2014,0,theHunter Classic
0,2014,0,theHunter Classic
0,2014,0,theHunter Classic
0,2014,0,theHunter Classic
0,2015,0,theHunter Classic
0,2014,0,theHunter Classic
0,2014,0,theHunter Classic
0,2015,0,America's Army: Proving Grounds
0,2015,0,America's Army: Proving Grounds
0,2014,0,BrainBread 2
0,2015,0,BrainBread 2
0,2014,0,METAL SLUG 3
0,2014,0,Heroes &amp; Generals
0,2015,0,Heroes &amp; Generals
0,2015,0,Heroes &amp; Generals
0,2015,0,Heroes &amp; Generals
0,2014,0,Heroes &amp; Generals
0,2014,0,Heroes &amp; Generals
0,2014,0,Heroes &amp; Generals
0,2015,0,Heroes &amp; Generals
0,2015,0,Heroes &amp; Generals
0,2015,0,Heroes &amp; Generals
0,2014,0,Heroes &amp; Generals
0,2015,0,Heroes &amp; Generals
0,2015,0,Heroes &amp; Generals
0,2014,0,Heroes &amp; Generals
0,2015,0,Heroes &amp; Generals
0,2013,0,Heroes &amp; Generals
0,2015,0,Heroes &amp; Generals
0,2015,0,Heroes &amp; Generals
0,2014,0,Heroes &amp; Generals
0,2012,0,Heroes &amp; Generals
0,2012,0,Heroes &amp; Generals
0,2014,0,Heroes &amp; Generals
0,2014,0,Heroes &amp; Generals
0,2014,0,Fallen Earth Free2Play
0,2015,0,Fallen Earth Free2Play
0,2015,0,Fallen Earth Free2Play
0,2014,0,Surgeon Simulator
0,2014,0,Surgeon Simulator
0,2014,0,Far Cry 3
0,2013,0,Far Cry 3
0,2013,0,Far Cry 3
0,2013,0,Far Cry 3
0,2014,0,Far Cry 3
0,2014,0,Far Cry 3
0,2014,0,Medieval Engineers
0,2015,0,Medieval Engineers
0,2015,0,Arma 3
0,2015,0,Arma 3
0,2015,0,Arma 3
0,2015,0,Arma 3
0,2015,0,Arma 3
0,2014,0,Arma 3
0,2015,0,Arma 3
0,2015,0,Arma 3
0,2014,0,Arma 3
0,2014,0,Arma 3
0,2013,0,Gotham City Impostors Free to Play
0,2015,0,Gotham City Impostors Free to Play
0,2014,0,Gotham City Impostors Free to Play
0,2015,0,Miscreated
0,2015,0,Miscreated
0,2015,0,Miscreated
0,2015,0,Miscreated
0,2014,0,Blacklight: Retribution
0,2014,0,Blacklight: Retribution
0,2015,0,Blacklight: Retribution
0,2013,0,Blacklight: Retribution
0,2015,0,Blacklight: Retribution
0,2014,0,Blacklight: Retribution
0,2014,0,Blacklight: Retribution
0,2014,0,Blacklight: Retribution
0,2012,0,Blacklight: Retribution
0,2015,0,Blacklight: Retribution
0,2013,0,Blacklight: Retribution
0,2015,0,Blacklight: Retribution
0,2015,0,Blacklight: Retribution
0,2014,0,Blacklight: Retribution
0,2015,0,Blacklight: Retribution
0,2015,0,Black Mesa
0,2015,0,ARK: Survival Evolved
0,2014,0,ARK: Survival Evolved
0,2015,0,ARK: Survival Evolved
0,2015,0,ARK: Survival Evolved
0,2015,0,ARK: Survival Evolved
0,2015,0,ARK: Survival Evolved
0,2012,0,ARK: Survival Evolved
0,2015,0,ARK: Survival Evolved
0,2015,0,ARK: Survival Evolved
0,2015,0,ARK: Survival Evolved
0,2015,0,ARK: Survival Evolved
0,2015,0,ARK: Survival Evolved
0,2015,0,ARK: Survival Evolved
0,2015,0,ARK: Survival Evolved
0,2015,0,ARK: Survival Evolved
0,2015,0,ARK: Survival Evolved
0,2015,0,ARK: Survival Evolved
0,2015,0,ARK: Survival Evolved
0,2015,0,ARK: Survival Evolved
0,2014,0,ARK: Survival Evolved
0,2015,0,ARK: Survival Evolved
0,2015,0,ARK: Survival Evolved
0,2015,0,ARK: Survival Evolved
0,2015,0,ARK: Survival Evolved
0,2014,0,ARK: Survival Evolved
0,2015,0,ARK: Survival Evolved
0,2015,0,ARK: Survival Evolved
0,2015,0,ARK: Survival Evolved
0,2015,0,ARK: Survival Evolved
0,2015,0,ARK: Survival Evolved
0,2014,0,ARK: Survival Evolved
0,2015,0,ARK: Survival Evolved
0,2015,0,ARK: Survival Evolved
0,2014,0,ARK: Survival Evolved
0,2014,0,ARK: Survival Evolved
0,2015,0,ARK: Survival Evolved
0,2015,0,ARK: Survival Evolved
0,2015,0,Anarchy Arcade
0,2015,0,Anarchy Arcade
0,2014,0,Anarchy Arcade
0,2015,0,Magic Duels
0,2015,0,Magic Duels
0,2014,0,Counter-Strike: Source
0,2015,0,Counter-Strike: Source
0,2013,0,Counter-Strike: Source
0,2014,0,Counter-Strike: Source
0,2014,0,Counter-Strike: Source
0,2014,0,Tom Clancy’s The Division™
0,2014,0,Tom Clancy’s The Division™
0,2014,0,Tom Clancy’s The Division™
0,2014,0,Tom Clancy’s The Division™
0,2014,0,Tom Clancy’s The Division™
0,2014,0,Tom Clancy’s The Division™
0,2015,0,Tom Clancy’s The Division™
0,2013,0,Tom Clancy’s The Division™
0,2014,0,Robocraft
0,2014,0,Robocraft
0,2015,0,Robocraft
0,2014,0,Robocraft
0,2015,0,Robocraft
0,2015,0,Robocraft
0,2014,0,Robocraft
0,2014,0,Robocraft
0,2015,0,Robocraft
0,2015,0,Robocraft
0,2013,0,Robocraft
0,2014,0,Robocraft
0,2014,0,Robocraft
0,2015,0,Robocraft
0,2014,0,Robocraft
0,2014,0,Robocraft
0,2015,0,Robocraft
0,2014,0,Robocraft
0,2015,0,Robocraft
0,2015,0,Robocraft
0,2014,0,Robocraft
0,2014,0,Robocraft
0,2014,0,Robocraft
0,2015,0,Robocraft
0,2013,0,Robocraft
0,2015,0,Robocraft
0,2014,0,Robocraft
0,2014,0,Robocraft
0,2014,0,Robocraft
0,2015,0,Robocraft
0,2014,0,Robocraft
0,2015,0,Robocraft
0,2015,0,Robocraft
0,2014,0,Robocraft
0,2014,0,Robocraft
0,2013,0,Robocraft
0,2014,0,Robocraft
0,2015,0,Robocraft
0,2014,0,PlanetSide 2
0,2015,0,PlanetSide 2
0,2014,0,PlanetSide 2
0,2015,0,PlanetSide 2
0,2015,0,PlanetSide 2
0,2014,0,PlanetSide 2
0,2014,0,PlanetSide 2
0,2015,0,PlanetSide 2
0,2013,0,PlanetSide 2
0,2014,0,Brawlhalla
0,2014,0,Brawlhalla
0,2015,0,Brawlhalla
0,2015,0,Saints Row IV
0,2015,0,Saints Row IV
0,2014,0,Saints Row IV
0,2014,0,Evolve Stage 2
0,2015,0,Evolve Stage 2
0,2014,0,Evolve Stage 2
0,2014,0,Evolve Stage 2
0,2015,0,Evolve Stage 2
0,2015,0,Evolve Stage 2
0,2013,0,Evolve Stage 2
0,2013,0,Evolve Stage 2
0,2015,0,Evolve Stage 2
0,2015,0,METAL GEAR SOLID V: THE PHANTOM PAIN
0,2014,0,METAL GEAR SOLID V: THE PHANTOM PAIN
0,2014,0,METAL GEAR SOLID V: THE PHANTOM PAIN
0,2015,0,METAL GEAR SOLID V: THE PHANTOM PAIN
0,2015,0,Street Fighter V
0,2015,0,Street Fighter V
0,2014,0,Age of Empires II HD
0,2014,0,Age of Empires II HD
0,2015,0,Age of Empires II HD
0,2013,0,Age of Empires II HD
0,2015,0,Grand Theft Auto V
0,2015,0,Grand Theft Auto V
0,2015,0,Grand Theft Auto V
0,2015,0,Grand Theft Auto V
0,2013,0,Grand Theft Auto V
0,2015,0,Grand Theft Auto V
0,2015,0,Grand Theft Auto V
0,2015,0,Grand Theft Auto V
0,2015,0,Grand Theft Auto V
0,2015,0,Grand Theft Auto V
0,2015,0,Grand Theft Auto V
0,2015,0,Grand Theft Auto V
0,2014,0,Grand Theft Auto V
0,2015,0,Grand Theft Auto V
0,2015,0,Grand Theft Auto V
0,2015,0,Grand Theft Auto V
0,2015,0,Grand Theft Auto V
0,2015,0,Far Cry® 4
0,2015,0,Hero Siege
0,2015,0,Hero Siege
0,2014,0,Cubic Castles
0,2014,0,Cubic Castles
0,2014,0,Cubic Castles
0,2014,0,Stronghold Kingdoms
0,2014,0,Stronghold Kingdoms
0,2014,0,Stronghold Kingdoms
0,2014,0,Stronghold Kingdoms
0,2015,0,Tom Clancy's Rainbow Six® Siege
0,2015,0,Tom Clancy's Rainbow Six® Siege
0,2015,0,Tom Clancy's Rainbow Six® Siege
0,2014,0,Tom Clancy's Rainbow Six® Siege
0,2015,0,Tom Clancy's Rainbow Six® Siege
0,2015,0,Tom Clancy's Rainbow Six® Siege
0,2012,0,Tom Clancy's Rainbow Six® Siege
0,2015,0,Tom Clancy's Rainbow Six® Siege
0,2015,0,Tom Clancy's Rainbow Six® Siege
0,2014,0,Call of Duty®: Modern Warfare® 2
0,2014,0,Call of Duty®: Modern Warfare® 2
0,2013,0,Call of Duty®: Modern Warfare® 2
0,2014,0,Call of Duty®: Modern Warfare® 2
0,2015,0,Call of Duty®: Modern Warfare® 2
0,2014,0,"Star Wars: Battlefront 2 (Classic, 2005)"
0,2015,0,"Star Wars: Battlefront 2 (Classic, 2005)"
0,2014,0,"Star Wars: Battlefront 2 (Classic, 2005)"
0,2014,0,Poker Night at the Inventory
0,2014,0,Poker Night at the Inventory
0,2014,0,Poker Night at the Inventory
0,2015,0,Poker Night at the Inventory
0,2014,0,Sid Meier's Civilization® V
0,2015,0,Sid Meier's Civilization® V
0,2015,0,Sid Meier's Civilization® V
0,2015,0,Sid Meier's Civilization® V
0,2014,0,Elsword
0,2013,0,Warframe
0,2015,0,Warframe
0,2015,0,Warframe
0,2014,0,Warframe
0,2014,0,Warframe
0,2015,0,Warframe
0,2013,0,Warframe
0,2015,0,Warframe
0,2014,0,Warframe
0,2015,0,Warframe
0,2014,0,Company of Heroes 2
0,2015,0,Company of Heroes 2
0,2011,0,Just Cause™ 3
0,2015,0,Just Cause™ 3
0,2015,0,Just Cause™ 3
0,2015,0,Just Cause™ 3
0,2015,0,Just Cause™ 3
0,2015,0,Just Cause™ 3
0,2015,0,Just Cause™ 3
0,2015,0,Just Cause™ 3
0,2014,0,Call of Duty® 4: Modern Warfare®
0,2015,0,Call of Duty® 4: Modern Warfare®
0,2014,0,Receiver
0,2014,0,The Walking Dead: Season 2
0,2015,0,The Walking Dead: Season 2
0,2015,0,The Walking Dead: Season 2
0,2015,0,Watch_Dogs™
0,2014,0,Watch_Dogs™
0,2014,0,Watch_Dogs™
0,2014,0,Watch_Dogs™
0,2014,0,Watch_Dogs™
0,2015,0,Watch_Dogs™
0,2015,0,Watch_Dogs™
0,2014,0,Watch_Dogs™
0,2015,0,Watch_Dogs™
0,2014,0,Watch_Dogs™
0,2014,0,Watch_Dogs™
0,2014,0,Watch_Dogs™
0,2014,0,Watch_Dogs™
0,2015,0,BLOCKADE 3D
0,2015,0,BLOCKADE 3D
0,2014,0,BLOCKADE 3D
0,2014,0,BLOCKADE 3D
0,2015,0,BLOCKADE 3D
0,2015,0,BLOCKADE 3D
0,2015,0,BLOCKADE 3D
0,2014,0,Binary Domain
0,2015,0,Codename CURE
0,2015,0,Codename CURE
0,2015,0,Codename CURE
0,2015,0,Codename CURE
0,2015,0,Codename CURE
0,2014,0,No Man's Sky
0,2014,0,No Man's Sky
0,2014,0,No Man's Sky
0,2013,0,No Man's Sky
0,2012,0,No Man's Sky
0,2015,0,No Man's Sky
0,2015,0,No Man's Sky
0,2015,0,No Man's Sky
0,2015,0,No Man's Sky
0,2014,0,No Man's Sky
0,2014,0,No Man's Sky
0,2015,0,No Man's Sky
0,2014,0,No Man's Sky
0,2014,0,No Man's Sky
0,2015,0,No Man's Sky
0,2015,0,No Man's Sky
0,2014,0,No Man's Sky
0,2013,0,No Man's Sky
0,2013,0,No Man's Sky
0,2015,0,No Man's Sky
0,2014,0,No Man's Sky
0,2015,0,No Man's Sky
0,2015,0,No Man's Sky
0,2015,0,No Man's Sky
0,2012,0,No Man's Sky
0,2015,0,No Man's Sky
0,2015,0,No Man's Sky
0,2014,0,No Man's Sky
0,2015,0,No Man's Sky
0,2015,0,No Man's Sky
0,2015,0,No Man's Sky
0,2014,0,No Man's Sky
0,2014,0,No Man's Sky
0,2013,0,No Man's Sky
0,2015,0,No Man's Sky
0,2014,0,No Man's Sky
0,2015,0,No Man's Sky
0,2014,0,No Man's Sky
0,2015,0,No Man's Sky
0,2015,0,No Man's Sky
0,2014,0,No Man's Sky
0,2015,0,No Man's Sky
0,2014,0,No Man's Sky
0,2015,0,No Man's Sky
0,2014,0,No Man's Sky
0,2014,0,No Man's Sky
0,2014,0,No Man's Sky
0,2015,0,No Man's Sky
0,2015,0,No Man's Sky
0,2014,0,No Man's Sky
0,2015,0,No Man's Sky
0,2012,0,No Man's Sky
0,2015,0,No Man's Sky
0,2014,0,No Man's Sky
0,2015,0,No Man's Sky
0,2014,0,MXGP2 - The Official Motocross Videogame
0,2014,0,The Forest
0,2015,0,The Forest
0,2015,0,The Forest
0,2014,0,The Forest
0,2014,0,The Forest
0,2014,0,The Forest
0,2015,0,theHunter: Primal
0,2015,0,theHunter: Primal
0,2015,0,Secret Ponchos
0,2014,0,Defense Technica
0,2015,0,FaceRig
0,2015,0,Homeworld Remastered Collection
0,2014,0,Just Cause 2
0,2014,0,Just Cause 2
0,2014,0,Just Cause 2
0,2015,0,Nether: Resurrected
0,2015,0,Nether: Resurrected
0,2013,0,Nether: Resurrected
0,2014,0,Nether: Resurrected
0,2014,0,Nether: Resurrected
0,2014,0,Nether: Resurrected
0,2014,0,Nether: Resurrected
0,2014,0,Dead Bits
0,2015,0,Dead Bits
0,2015,0,Dead Bits
0,2015,0,Dead Bits
0,2015,0,Dead Bits
0,2014,0,Dead Bits
0,2015,0,Mad Max
0,2015,0,Mad Max
0,2013,0,Brutal Legend
0,2014,0,Wolfenstein: The New Order
0,2015,0,Wolfenstein: The New Order
0,2014,0,Wolfenstein: The New Order
0,2015,0,Wolfenstein: The New Order
0,2014,0,Tom Clancy's Ghost Recon: Future Soldier™
0,2015,0,Tom Clancy's Ghost Recon: Future Soldier™
0,2014,0,Hitman GO: Definitive Edition
0,2014,0,Beatbuddy: Tale of the Guardians
0,2014,0,The Plan
0,2014,0,Medal of Honor™
0,2014,0,Medal of Honor™
0,2013,0,Medal of Honor™
0,2015,0,Dungeon Defenders II
0,2015,0,Dungeon Defenders II
0,2014,0,Broken Age
0,2015,0,Broken Age
0,2014,0,Half-Life 2: Episode One
0,2015,0,ZOMBI
0,2015,0,ZOMBI
0,2013,0,Romero's Aftermath
0,2014,0,Romero's Aftermath
0,2015,0,Romero's Aftermath
0,2015,0,Romero's Aftermath
0,2014,0,Romero's Aftermath
0,2014,0,Call of Duty®: Ghosts
0,2014,0,Call of Duty®: Ghosts
0,2014,0,Call of Duty®: Ghosts
0,2014,0,Call of Duty®: Ghosts
0,2015,0,Call of Duty®: Ghosts
0,2015,0,Call of Duty®: Ghosts
0,2014,0,Call of Duty®: Ghosts
0,2014,0,Call of Duty®: Ghosts
0,2014,0,Call of Duty®: Ghosts
0,2014,0,Call of Duty®: Ghosts
0,2013,0,Call of Duty®: Ghosts
0,2015,0,Call of Duty®: Ghosts
0,2014,0,Call of Duty®: Ghosts
0,2014,0,Call of Duty®: Ghosts
0,2013,0,Call of Duty®: Ghosts
0,2014,0,Call of Duty®: Ghosts
0,2013,0,Call of Duty®: Ghosts
0,2015,0,Call of Duty®: Ghosts
0,2013,0,Call of Duty®: Ghosts
0,2013,0,Call of Duty®: Ghosts
0,2013,0,Call of Duty®: Ghosts
0,2014,0,Call of Duty®: Ghosts
0,2014,0,Call of Duty®: Ghosts
0,2015,0,Call of Duty®: Ghosts
0,2013,0,Call of Duty®: Ghosts
0,2014,0,Call of Duty®: Ghosts
0,2013,0,F.E.A.R. 3
0,2014,0,F.E.A.R. 3
0,2013,0,Primal Carnage
0,2013,0,Primal Carnage
0,2014,0,PAYDAY 2: Gage Chivalry Pack
0,2015,0,Only If
0,2014,0,Only If
0,2015,0,NBA 2K16
0,2012,0,NBA 2K16
0,2015,0,NBA 2K16
0,2015,0,NBA 2K16
0,2015,0,NBA 2K16
0,2015,0,NBA 2K16
0,2015,0,Prison Architect
0,2013,0,Prison Architect
0,2015,0,Gear Up
0,2015,0,Gear Up
0,2013,0,Slain: Back from Hell
0,2014,0,Slain: Back from Hell
0,2014,0,PAYDAY™ The Heist
0,2014,0,PAYDAY™ The Heist
0,2012,0,PAYDAY™ The Heist
0,2015,0,PAYDAY™ The Heist
0,2013,0,PAYDAY™ The Heist
0,2013,0,PAYDAY™ The Heist
0,2015,0,The Way of Life Free Edition
0,2015,0,The Way of Life Free Edition
0,2015,0,The Way of Life Free Edition
0,2015,0,The Way of Life Free Edition
0,2015,0,The Way of Life Free Edition
0,2015,0,The Way of Life Free Edition
0,2015,0,The Way of Life Free Edition
0,2014,0,Get Off My Lawn!
0,2015,0,Firewatch
0,2012,0,ArcheBlade™
0,2014,0,ArcheBlade™
0,2014,0,ArcheBlade™
0,2013,0,ArcheBlade™
0,2014,0,ArcheBlade™
0,2013,0,Commander Keen
0,2014,0,Total War™: ROME II - Emperor Edition
0,2014,0,Total War™: ROME II - Emperor Edition
0,2013,0,Total War™: ROME II - Emperor Edition
0,2013,0,Total War™: ROME II - Emperor Edition
0,2015,0,Total War™: ROME II - Emperor Edition
0,2014,0,Total War™: ROME II - Emperor Edition
0,2014,0,Borderlands: The Pre-Sequel
0,2015,0,Borderlands: The Pre-Sequel
0,2014,0,Borderlands: The Pre-Sequel
0,2015,0,Borderlands: The Pre-Sequel
0,2013,0,Just Cause 2: Multiplayer Mod
0,2015,0,Goat Simulator
0,2015,0,Goat Simulator
0,2011,0,Goat Simulator
0,2014,0,Goat Simulator
0,2014,0,Goat Simulator
0,2015,0,Goat Simulator
0,2014,0,Goat Simulator
0,2014,0,Goat Simulator
0,2014,0,Goat Simulator
0,2015,0,Goat Simulator
0,2014,0,Goat Simulator
0,2015,0,Goat Simulator
0,2015,0,Goat Simulator
0,2014,0,Wargame: Red Dragon
0,2014,0,Wargame: Red Dragon
0,2014,0,Fallout 3: Game of the Year Edition
0,2014,0,Blockland
0,2014,0,Blockland
0,2014,0,Blockland
0,2013,0,Super Hexagon
0,2014,0,Super Hexagon
0,2013,0,Super Hexagon
0,2013,0,Super Hexagon
0,2014,0,ORION: Prelude
0,2014,0,ORION: Prelude
0,2014,0,ORION: Prelude
0,2014,0,ORION: Prelude
0,2012,0,ORION: Prelude
0,2014,0,ORION: Prelude
0,2014,0,ORION: Prelude
0,2014,0,ORION: Prelude
0,2014,0,ORION: Prelude
0,2015,0,ORION: Prelude
0,2011,0,ORION: Prelude
0,2013,0,ORION: Prelude
0,2014,0,ORION: Prelude
0,2013,0,ORION: Prelude
0,2014,0,ORION: Prelude
0,2014,0,ORION: Prelude
0,2014,0,ORION: Prelude
0,2014,0,ORION: Prelude
0,2014,0,World of Guns: Gun Disassembly
0,2014,0,World of Guns: Gun Disassembly
0,2014,0,World of Guns: Gun Disassembly
0,2015,0,World of Guns: Gun Disassembly
0,2015,0,F1 2015
0,2015,0,Soldier Front 2
0,2014,0,Soldier Front 2
0,2015,0,Middle-earth™: Shadow of Mordor™
0,2014,0,Middle-earth™: Shadow of Mordor™
0,2014,0,Middle-earth™: Shadow of Mordor™
0,2014,0,Star Trek Online
0,2014,0,Star Trek Online
0,2014,0,Star Trek Online
0,2015,0,Star Trek Online
0,2015,0,Stranded Deep
0,2015,0,Stranded Deep
0,2015,0,Stranded Deep
0,2015,0,Stranded Deep
0,2014,0,Crysis
0,2012,0,Resident Evil: Operation Raccoon City
0,2015,0,Resident Evil: Operation Raccoon City
0,2014,0,Batman™: Arkham Origins
0,2015,0,Ace of Spades: Battle Builder
0,2014,0,Ace of Spades: Battle Builder
0,2015,0,Ace of Spades: Battle Builder
0,2014,0,Ace of Spades: Battle Builder
0,2013,0,Ace of Spades: Battle Builder
0,2014,0,Ace of Spades: Battle Builder
0,2014,0,Ace of Spades: Battle Builder
0,2014,0,Ace of Spades: Battle Builder
0,2014,0,Ace of Spades: Battle Builder
0,2014,0,Ace of Spades: Battle Builder
0,2014,0,Ace of Spades: Battle Builder
0,2013,0,Ace of Spades: Battle Builder
0,2014,0,Ace of Spades: Battle Builder
0,2015,0,Ace of Spades: Battle Builder
0,2013,0,Ace of Spades: Battle Builder
0,2013,0,Ace of Spades: Battle Builder
0,2014,0,Ace of Spades: Battle Builder
0,2015,0,Ace of Spades: Battle Builder
0,2013,0,Ace of Spades: Battle Builder
0,2015,0,Verdun
0,2014,0,Verdun
0,2014,0,Verdun
0,2015,0,Verdun
0,2013,0,Verdun
0,2015,0,Saints Row 2
0,2014,0,Saints Row 2
0,2015,0,Crusader Kings II
0,2015,0,Crusader Kings II
0,2015,0,Far Cry® 2: Fortune's Edition
0,2014,0,Far Cry® 2: Fortune's Edition
0,2014,0,State of Decay
0,2013,0,State of Decay
0,2014,0,State of Decay
0,2013,0,State of Decay
0,2014,0,State of Decay
0,2015,0,SPORE™
0,2015,0,Fallout: New Vegas
0,2014,0,Fallout: New Vegas
0,2015,0,Fallout: New Vegas
0,2014,0,Sleeping Dogs
0,2013,0,Sleeping Dogs
0,2013,0,Sleeping Dogs
0,2015,0,Five Nights at Freddy's
0,2015,0,Five Nights at Freddy's
0,2014,0,Five Nights at Freddy's
0,2015,0,Five Nights at Freddy's
0,2014,0,Five Nights at Freddy's
0,2015,0,Five Nights at Freddy's
0,2015,0,Five Nights at Freddy's
0,2014,0,Team Fortress Classic
0,2014,0,Team Fortress Classic
0,2014,0,Guns of Icarus Online
0,2013,0,Guns of Icarus Online
0,2014,0,Guns of Icarus Online
0,2015,0,Dungeonland
0,2015,0,Planetary Annihilation: TITANS
0,2011,0,And Yet It Moves
0,2011,0,And Yet It Moves
0,2015,0,Alien Swarm
0,2014,0,Alien Swarm
0,2014,0,Fistful of Frags
0,2014,0,Fistful of Frags
0,2015,0,Assassin's Creed 2 Deluxe Edition
0,2014,0,Assassin's Creed 2 Deluxe Edition
0,2014,0,Assassin's Creed 2 Deluxe Edition
0,2015,0,Assassin's Creed 2 Deluxe Edition
0,2015,0,Amnesia: A Machine for Pigs
0,2014,0,Amnesia: A Machine for Pigs
0,2015,0,AdVenture Capitalist
0,2015,0,AdVenture Capitalist
0,2015,0,Clicker Heroes
0,2015,0,Clicker Heroes
0,2015,0,Clicker Heroes
0,2014,0,ARMA: Cold War Assault
0,2014,0,ARMA: Cold War Assault
0,2014,0,ARMA: Cold War Assault
0,2014,0,EVE Online
0,2014,0,EVE Online
0,2014,0,EVE Online
0,2014,0,Spiral Knights
0,2014,0,Spiral Knights
0,2014,0,Spiral Knights
0,2015,0,Spiral Knights
0,2015,0,War for the Overworld
0,2014,0,Endless Legend™
0,2015,0,RWBY: Grimm Eclipse
0,2015,0,Defy Gravity Extended
0,2015,0,Hyper Light Drifter
0,2015,0,Dying Light
0,2014,0,Dying Light
0,2015,0,SUPERHOT
0,2014,0,Mabinogi
0,2015,0,Mabinogi
0,2013,0,Tomb Raider
0,2015,0,Tomb Raider
0,2015,0,NotGTAV
0,2015,0,Quake Live™
0,2014,0,Quake Live™
0,2015,0,Quake Live™
0,2015,0,Quake Live™
0,2015,0,Sacred 2 Gold
0,2015,0,Pool Nation FX - Unlock Online
0,2015,0,Sid Meier's Civilization®: Beyond Earth™
0,2014,0,Sid Meier's Civilization®: Beyond Earth™
0,2015,0,Half-Life 2: Deathmatch
0,2012,0,Call of Duty®: Black Ops II
0,2014,0,Call of Duty®: Black Ops II
0,2015,0,Call of Duty®: Black Ops II
0,2014,0,Call of Duty®: Black Ops II
0,2015,0,Call of Duty®: Black Ops II
0,2015,0,Lambda Wars Beta
0,2014,0,DOOM
0,2014,0,Dead Sky
0,2015,0,Fractured Space
0,2014,0,Fractured Space
0,2014,0,Fractured Space
0,2014,0,Far Cry 3 - Blood Dragon
0,2015,0,Far Cry 3 - Blood Dragon
0,2014,0,Far Cry 3 - Blood Dragon
0,2015,0,WARMODE
0,2015,0,WARMODE
0,2015,0,WARMODE
0,2015,0,WARMODE
0,2015,0,WARMODE
0,2015,0,WARMODE
0,2015,0,WARMODE
0,2015,0,WARMODE
0,2015,0,Don't Starve: Shipwrecked
0,2014,0,Thief
0,2014,0,Thief
0,2014,0,Thief
0,2015,0,Thief
0,2014,0,Thief
0,2014,0,Cannons Lasers Rockets
0,2013,0,Cannons Lasers Rockets
0,2014,0,SPINTIRES™
0,2015,0,SPINTIRES™
0,2014,0,SMITE®
0,2014,0,Total War: WARHAMMER
0,2013,0,Aliens vs. Predator™
0,2014,0,Outlast
0,2014,0,Outlast
0,2014,0,Contagion
0,2015,0,Contagion
0,2013,0,Contagion
0,2015,0,Contagion
0,2015,0,Contagion
0,2014,0,Contagion
0,2014,0,Life is Feudal: Your Own
0,2014,0,Life is Feudal: Your Own
0,2015,0,Life is Feudal: Your Own
0,2013,0,DARK SOULS™ III
0,2011,0,DARK SOULS™ III
0,2015,0,DARK SOULS™ III
0,2014,0,DARK SOULS™ III
0,2015,0,DARK SOULS™ III
0,2015,0,Freestyle 2: Street Basketball
0,2015,0,Freestyle 2: Street Basketball
0,2015,0,Rise of Flight United
0,2015,0,GunZ 2: The Second Duel
0,2014,0,GunZ 2: The Second Duel
0,2014,0,GunZ 2: The Second Duel
0,2015,0,GunZ 2: The Second Duel
0,2014,0,GunZ 2: The Second Duel
0,2014,0,GunZ 2: The Second Duel
0,2015,0,DARK SOULS™ II: Scholar of the First Sin
0,2015,0,DARK SOULS™ II: Scholar of the First Sin
0,2015,0,MX vs. ATV Reflex
0,2015,0,Squishy the Suicidal Pig
0,2015,0,Squishy the Suicidal Pig
0,2015,0,Town of Salem
0,2015,0,Town of Salem
0,2014,0,Garshasp: The Monster Slayer
0,2014,0,Turbo Dismount™
0,2015,0,Angry Video Game Nerd Adventures
0,2015,0,INSURGENCY: Modern Infantry Combat
0,2015,0,Hearts of Iron III
0,2014,0,Hearts of Iron III
0,2013,0,Hearts of Iron III
0,2015,0,FEZ
0,2014,0,Warface
0,2015,0,Warface
0,2015,0,Warface
0,2014,0,Warface
0,2015,0,Warface
0,2014,0,Warface
0,2014,0,Warface
0,2014,0,Warface
0,2014,0,Warface
0,2015,0,Warface
0,2013,0,Warface
0,2014,0,Warface
0,2014,0,Warface
0,2014,0,Warface
0,2014,0,Warface
0,2014,0,Warface
0,2014,0,Warface
0,2014,0,Warface
0,2014,0,Warface
0,2015,0,Natural Selection 2
0,2014,0,Natural Selection 2
0,2014,0,Enter the Gungeon
0,2015,0,Hurtworld
0,2015,0,Hurtworld
0,2014,0,8BitMMO
0,2014,0,8BitMMO
0,2014,0,8BitMMO
0,2014,0,8BitMMO
0,2014,0,8BitMMO
0,2015,0,8BitMMO
0,2014,0,8BitMMO
0,2015,0,8BitMMO
0,2014,0,Nidhogg
0,2015,0,Nidhogg
0,2014,0,SpeedRunners
0,2015,0,Plug &amp; Play
0,2014,0,Battleborn
0,2014,0,Battleborn
0,2013,0,Pro Gamer Manager
0,2014,0,Neverwinter
0,2014,0,Neverwinter
0,2015,0,Game of Thrones - A Telltale Games Series
0,2015,0,Game of Thrones - A Telltale Games Series
0,2011,0,Game of Thrones - A Telltale Games Series
0,2015,0,Game of Thrones - A Telltale Games Series
0,2015,0,Assassin’s Creed® IV Black Flag™
0,2015,0,Assassin’s Creed® IV Black Flag™
0,2015,0,Assassin’s Creed® IV Black Flag™
0,2014,0,NECROPOLIS: BRUTAL EDITION
0,2014,0,NECROPOLIS: BRUTAL EDITION
0,2014,0,Dino D-Day
0,2013,0,Dino D-Day
0,2014,0,Dino D-Day
0,2015,0,Hearts of Iron IV
0,2013,0,Command &amp; Conquer: Red Alert 3
0,2013,0,Spelunky
0,2014,0,Red Faction Guerrilla Steam Edition
0,2014,0,Blackguards
0,2015,0,Mitos.is: The Game
0,2015,0,Gang Beasts
0,2015,0,Gang Beasts
0,2014,0,Gunpoint
0,2015,0,Tribes: Ascend
0,2014,0,Tribes: Ascend
0,2014,0,Tribes: Ascend
0,2014,0,Golf With Your Friends
0,2015,0,Call of Duty®: Black Ops III
0,2014,0,Call of Duty®: Black Ops III
0,2015,0,Call of Duty®: Black Ops III
0,2015,0,Call of Duty®: Black Ops III
0,2015,0,Call of Duty®: Black Ops III
0,2015,0,Call of Duty®: Black Ops III
0,2015,0,Call of Duty®: Black Ops III
0,2015,0,Call of Duty®: Black Ops III
0,2014,0,Call of Duty®: Black Ops III
0,2015,0,Call of Duty®: Black Ops III
0,2015,0,Call of Duty®: Black Ops III
0,2015,0,Call of Duty®: Black Ops III
0,2015,0,Call of Duty®: Black Ops III
0,2015,0,Call of Duty®: Black Ops III
0,2015,0,Call of Duty®: Black Ops III
0,2015,0,Call of Duty®: Black Ops III
0,2015,0,Call of Duty®: Black Ops III
0,2015,0,Call of Duty®: Black Ops III
0,2015,0,Call of Duty®: Black Ops III
0,2014,0,Call of Duty®: Black Ops III
0,2014,0,Call of Duty®: Black Ops III
0,2013,0,Call of Duty®: Black Ops III
0,2015,0,Call of Duty®: Black Ops III
0,2015,0,Call of Duty®: Black Ops III
0,2015,0,Counter-Strike Nexon: Zombies
0,2015,0,Counter-Strike Nexon: Zombies
0,2015,0,Counter-Strike Nexon: Zombies
0,2014,0,Counter-Strike Nexon: Zombies
0,2015,0,Counter-Strike Nexon: Zombies
0,2014,0,Counter-Strike Nexon: Zombies
0,2014,0,Counter-Strike Nexon: Zombies
0,2015,0,Counter-Strike Nexon: Zombies
0,2015,0,Counter-Strike Nexon: Zombies
0,2015,0,Counter-Strike Nexon: Zombies
0,2015,0,Counter-Strike Nexon: Zombies
0,2014,0,Counter-Strike Nexon: Zombies
0,2015,0,Counter-Strike Nexon: Zombies
0,2013,0,Sniper: Ghost Warrior
0,2015,0,Sniper: Ghost Warrior
0,2014,0,Hitman: Absolution™
0,2015,0,Total War: ATTILA
0,2015,0,WWE 2K16
0,2015,0,Zombie Army Trilogy
0,2015,0,Zombie Army Trilogy
0,2015,0,Men of War: Assault Squad 2
0,2014,0,Tactical Intervention
0,2013,0,Tactical Intervention
0,2014,0,Tactical Intervention
0,2014,0,Tactical Intervention
0,2014,0,Tactical Intervention
0,2014,0,Tactical Intervention
0,2015,0,Tactical Intervention
0,2013,0,Tactical Intervention
0,2015,0,Tactical Intervention
0,2013,0,Tactical Intervention
0,2014,0,Tactical Intervention
0,2014,0,Tactical Intervention
0,2013,0,Tactical Intervention
0,2013,0,Tactical Intervention
0,2015,0,Tactical Intervention
0,2015,0,Tactical Intervention
0,2014,0,Tactical Intervention
0,2014,0,Tactical Intervention
0,2015,0,Tactical Intervention
0,2013,0,Tactical Intervention
0,2014,0,Tactical Intervention
0,2015,0,Tactical Intervention
0,2014,0,Tactical Intervention
0,2015,0,Darkest Dungeon®
0,2015,0,Darkest Dungeon®
0,2014,0,Assassin's Creed® Unity
0,2015,0,Assassin's Creed® Unity
0,2014,0,Assassin's Creed® Unity
0,2015,0,Assassin's Creed® Unity
0,2014,0,Assassin's Creed® Unity
0,2015,0,Assassin's Creed® Unity
0,2014,0,Assassin's Creed® Unity
0,2015,0,Assassin's Creed® Unity
0,2014,0,Assassin's Creed® Unity
0,2014,0,Assassin's Creed® Unity
0,2015,0,The Elder Scrolls® Online: Tamriel Unlimited™
0,2015,0,Farming Simulator 15
0,2014,0,Farming Simulator 15
0,2014,0,The Darkness II
0,2014,0,Call of Duty®: Black Ops
0,2014,0,R.A.W. Realms of Ancient War
0,2014,0,Fallout 4 Season Pass
0,2015,0,How to Survive
0,2014,0,Next Car Game: Wreckfest
0,2015,0,Next Car Game: Wreckfest
0,2014,0,Next Car Game: Wreckfest
0,2015,0,Morphopolis
0,2015,0,Shadow Warrior
0,2014,0,Wargame: European Escalation
0,2014,0,Wargame: European Escalation
0,2015,0,Blockstorm
0,2015,0,MapleStory
0,2015,0,MapleStory
0,2014,0,MapleStory
0,2014,0,Rise of Nations: Extended Edition
0,2014,0,Lords Of The Fallen™
0,2015,0,Lords Of The Fallen™
0,2014,0,Lords Of The Fallen™
0,2014,0,DYNASTY WARRIORS 8: Xtreme Legends Complete Edition / 真・三國無双７ with 猛将伝
0,2014,0,DYNASTY WARRIORS 8: Xtreme Legends Complete Edition / 真・三國無双７ with 猛将伝
0,2013,0,Marvel Puzzle Quest
0,2015,0,Waveform
0,2015,0,Five Nights at Freddy's 4
0,2015,0,Five Nights at Freddy's 4
0,2015,0,Empyrion - Galactic Survival
0,2015,0,METAL GEAR RISING: REVENGEANCE
0,2014,0,I am Bread
0,2015,0,Mighty No. 9
0,2015,0,Skullgirls
0,2014,0,Skullgirls
0,2015,0,Portal Stories: Mel
0,2014,0,Broforce
0,2015,0,Broforce
0,2015,0,Primal Carnage: Extinction
0,2015,0,Primal Carnage: Extinction
0,2015,0,"Dr. Langeskov, The Tiger, and The Terribly Cursed Emerald: A Whirlwind Heist"
0,2015,0,The Sandbox
0,2014,0,STAR WARS™ - Knights of the Old Republic™
0,2015,0,STAR WARS™ - Knights of the Old Republic™
0,2015,0,Orcs Must Die! 2
0,2014,0,Talisman: Digital Edition
0,2015,0,Brick-Force
0,2015,0,Brick-Force
0,2015,0,Brick-Force
0,2015,0,Brick-Force
0,2014,0,Dead Island Definitive Edition
0,2015,0,Survival: Postapocalypse Now
0,2015,0,Survival: Postapocalypse Now
0,2015,0,Survival: Postapocalypse Now
0,2015,0,Survival: Postapocalypse Now
0,2014,0,Kingdoms of Amalur: Reckoning™
0,2015,0,Sniper: Ghost Warrior 2
0,2014,0,Sniper: Ghost Warrior 2
0,2015,0,Blade Symphony
0,2014,0,Resident Evil Revelations 2 / Biohazard Revelations 2
0,2015,0,Resident Evil Revelations 2 / Biohazard Revelations 2
0,2014,0,GRID 2
0,2014,0,GRID 2
0,2015,0,Europa Universalis IV
0,2014,0,Omikron: The Nomad Soul
0,2015,0,Avenging Angel
0,2014,0,Steel Ocean
0,2015,0,DC Universe™ Online
0,2014,0,DC Universe™ Online
0,2014,0,DC Universe™ Online
0,2015,0,DC Universe™ Online
0,2015,0,Transformice
0,2015,0,Transformice
0,2015,0,Deadlight
0,2013,0,Deadlight
0,2015,0,Deadlight
0,2015,0,Wargame: Airland Battle
0,2015,0,Warhammer: End Times - Vermintide
0,2015,0,Scribblenauts Unmasked: A DC Comics Adventure
0,2015,0,SNOW
0,2015,0,SNOW
0,2015,0,E.Y.E: Divine Cybermancy
0,2013,0,E.Y.E: Divine Cybermancy
0,2014,0,RPG Maker VX Ace
0,2015,0,Knight Online
0,2013,0,Eon Altar
0,2015,0,Axel &amp; Pixel
0,2015,0,Planetbase
0,2014,0,Murdered: Soul Suspect
0,2015,0,Ship Simulator Extremes
0,2014,0,Day One : Garry's Incident
0,2014,0,Day One : Garry's Incident
0,2014,0,Day One : Garry's Incident
0,2014,0,Day One : Garry's Incident
0,2014,0,Day One : Garry's Incident
0,2015,0,Batman™: Arkham Knight
0,2015,0,Batman™: Arkham Knight
0,2014,0,Batman™: Arkham Knight
0,2015,0,Batman™: Arkham Knight
0,2015,0,Batman™: Arkham Knight
0,2015,0,Batman™: Arkham Knight
0,2015,0,Batman™: Arkham Knight
0,2015,0,Batman™: Arkham Knight
0,2015,0,Batman™: Arkham Knight
0,2015,0,CubeGun
0,2014,0,Gauntlet™ Slayer Edition
0,2014,0,Battle Islands
0,2015,0,Battle Islands
0,2015,0,Mortal Kombat X
0,2015,0,Mortal Kombat X
0,2015,0,Mortal Kombat X
0,2015,0,Mortal Kombat X
0,2015,0,Mortal Kombat X
0,2015,0,Mortal Kombat X
0,2014,0,Mortal Kombat X
0,2014,0,Mortal Kombat X
0,2015,0,Mortal Kombat X
0,2015,0,Mortal Kombat X
0,2015,0,Mortal Kombat X
0,2015,0,Mortal Kombat X
0,2015,0,Mortal Kombat X
0,2014,0,Mortal Kombat X
0,2015,0,Assassin’s Creed® III
0,2015,0,Assassin’s Creed® III
0,2015,0,Battlestations Pacific
0,2014,0,Coma: Mortuary
0,2014,0,Minimum
0,2015,0,Minimum
0,2015,0,The Fifth Day
0,2015,0,Aura Kingdom
0,2014,0,Aura Kingdom
0,2015,0,Lichdom: Battlemage
0,2014,0,Guns and Robots
0,2014,0,Guns and Robots
0,2015,0,Guns and Robots
0,2014,0,School of Dragons
0,2014,0,School of Dragons
0,2014,0,School of Dragons
0,2015,0,School of Dragons
0,2014,0,Battlefield: Bad Company™ 2
0,2015,0,Battlefield: Bad Company™ 2
0,2014,0,Battlefield: Bad Company™ 2
0,2015,0,Home
0,2014,0,Sniper Elite V2
0,2014,0,Sniper Elite V2
0,2015,0,ARK: Survival Of The Fittest
0,2015,0,ARK: Survival Of The Fittest
0,2014,0,F1 2014
0,2013,0,Sven Co-op
0,2015,0,Sven Co-op
0,2014,0,Train Simulator
0,2015,0,Train Simulator
0,2014,0,Airport Simulator 2014
0,2015,0,ArcheAge
0,2015,0,ArcheAge
0,2015,0,ArcheAge
0,2014,0,Deus Ex: The Fall
0,2014,0,Deus Ex: The Fall
0,2014,0,Deus Ex: The Fall
0,2015,0,Deus Ex: Game of the Year Edition
0,2014,0,Squad
0,2015,0,Squad
0,2015,0,Real Horror Stories Ultimate Edition
0,2014,0,Slender: The Arrival
0,2014,0,Bus-Simulator 2012
0,2015,0,Iron Snout
0,2013,0,Worms Clan Wars
0,2014,0,The Sims™ 3
0,2015,0,The Park
0,2015,0,The Park
0,2014,0,Prototype 2
0,2014,0,Two Worlds II HD
0,2015,0,Nuclear Dawn
0,2015,0,Who's Your Daddy
0,2015,0,Mount &amp; Blade: With Fire &amp; Sword
0,2014,0,DOOM 3
0,2014,0,Red Crucible®: Firestorm
0,2015,0,Red Crucible®: Firestorm
0,2013,0,Half-Life: Before
0,2015,0,Half-Life: Before
0,2013,0,Half-Life: Before
0,2013,0,Half-Life: Before
0,2015,0,Half-Life: Before
0,2013,0,Half-Life: Before
0,2013,0,Half-Life: Before
0,2013,0,Child of Light
0,2015,0,FINAL FANTASY TYPE-0™ HD
0,2015,0,Blood and Bacon
0,2015,0,BRINK
0,2015,0,Executive Assault
0,2014,0,The Bureau: XCOM Declassified
0,2015,0,The Bureau: XCOM Declassified
0,2013,0,TrackMania Nations Forever
0,2014,0,Jazzpunk: Director's Cut
0,2015,0,Copa Petrobras de Marcas
0,2013,0,NARUTO SHIPPUDEN: Ultimate Ninja STORM 3 Full Burst HD
0,2014,0,Sonic Generations Collection
0,2015,0,Clown House (Palyaço Evi)
0,2015,0,Clown House (Palyaço Evi)
0,2015,0,Sonic Lost World
0,2012,0,Ryse: Son of Rome
0,2013,0,Ryse: Son of Rome
0,2015,0,Dead Rising® 2
0,2015,0,100% Orange Juice
0,2015,0,100% Orange Juice
0,2014,0,ShellShock Live
0,2015,0,Rocket League® - Batman v Superman: Dawn of Justice Car Pack
0,2015,0,RUNNING WITH RIFLES
0,2014,0,X Rebirth
0,2014,0,X Rebirth
0,2014,0,X Rebirth
0,2014,0,X Rebirth
0,2014,0,X Rebirth
0,2014,0,X Rebirth
0,2014,0,X Rebirth
0,2015,0,Deepworld
0,2014,0,LARA CROFT AND THE TEMPLE OF OSIRIS™
0,2014,0,Deus Ex: Mankind Divided
0,2014,0,Starseed Pilgrim
0,2015,0,Men of War™
0,2015,0,Damned
0,2014,0,Damned
0,2015,0,Call of Duty®: Advanced Warfare - Gold Edition
0,2015,0,Call of Duty®: Advanced Warfare - Gold Edition
0,2015,0,Call of Duty®: Advanced Warfare - Gold Edition
0,2015,0,Call of Duty®: Advanced Warfare - Gold Edition
0,2015,0,Call of Duty®: Advanced Warfare - Gold Edition
0,2015,0,Call of Duty®: Advanced Warfare - Gold Edition
0,2014,0,Call of Duty®: Advanced Warfare - Gold Edition
0,2015,0,Call of Duty®: Advanced Warfare - Gold Edition
0,2015,0,Call of Duty®: Advanced Warfare - Gold Edition
0,2015,0,Call of Duty®: Advanced Warfare - Gold Edition
0,2015,0,Call of Duty®: Advanced Warfare - Gold Edition
0,2015,0,Call of Duty®: Advanced Warfare - Gold Edition
0,2015,0,Call of Duty®: Advanced Warfare - Gold Edition
0,2014,0,Call of Duty®: Advanced Warfare - Gold Edition
0,2014,0,Call of Duty®: Advanced Warfare - Gold Edition
0,2014,0,Call of Duty®: Advanced Warfare - Gold Edition
0,2013,0,RaceRoom Racing Experience
0,2015,0,RaceRoom Racing Experience
0,2014,0,RaceRoom Racing Experience
0,2014,0,RaceRoom Racing Experience
0,2014,0,RaceRoom Racing Experience
0,2014,0,RaceRoom Racing Experience
0,2015,0,RaceRoom Racing Experience
0,2014,0,McPixel
0,2015,0,Without Within
0,2015,0,Without Within
0,2015,0,Without Within
0,2015,0,Go! Go! Nippon! ~My First Trip to Japan~
0,2013,0,A.V.A. Alliance of Valiant Arms™
0,2015,0,A.V.A. Alliance of Valiant Arms™
0,2014,0,A.V.A. Alliance of Valiant Arms™
0,2014,0,You Have to Win the Game
0,2015,0,Tom Clancy's The Division™ - Frontline Outfits Pack
0,2013,0,The Mean Greens - Plastic Warfare
0,2015,0,The Mean Greens - Plastic Warfare
0,2014,0,The Mean Greens - Plastic Warfare
0,2015,0,sZone-Online
0,2015,0,Super MNC
0,2014,0,L.A. Noire
0,2014,0,AirMech Strike
0,2015,0,Sang-Froid - Tales of Werewolves
0,2015,0,Road Redemption
0,2015,0,Dead Rising 3 Apocalypse Edition
0,2014,0,Dead Rising 3 Apocalypse Edition
0,2012,0,Might &amp; Magic® Heroes® VII
0,2015,0,Might &amp; Magic® Heroes® VII
0,2015,0,Might &amp; Magic® Heroes® VII
0,2014,0,Grand Theft Auto: Episodes from Liberty City
0,2013,0,Arma II: DayZ Mod
0,2015,0,Postal III
0,2015,0,Postal III
0,2014,0,Postal III
0,2014,0,Slash or Die
0,2014,0,Impire
0,2014,0,Sniper Elite: Nazi Zombie Army
0,2014,0,Sniper Elite: Nazi Zombie Army
0,2015,0,The Crew™
0,2014,0,The Crew™
0,2014,0,Villagers and Heroes
0,2015,0,Villagers and Heroes
0,2013,0,Iron Warriors: T - 72 Tank Command
0,2013,0,Port Royale 2
0,2011,0,From Dust
0,2014,0,From Dust
0,2014,0,Pool Nation
0,2014,0,Pool Nation
0,2015,0,Pool Nation
0,2014,0,SAMOLIOTIK
0,2014,0,Enemy Front
0,2014,0,Sonic Adventure DX
0,2015,0,Sonic Adventure DX
0,2013,0,FortressCraft Evolved!
0,2015,0,FortressCraft Evolved!
0,2014,0,FortressCraft Evolved!
0,2014,0,SUNLESS SEA
0,2015,0,Age of Mythology EX: Tale of the Dragon
0,2015,0,Hyperdimension Neptunia Re;Birth1 / 超次次元ゲイム ネプテューヌRe;Birth1 / 超次次元遊戲戰機少女重生1
0,2015,0,The Four Kings Casino and Slots
0,2014,0,The Four Kings Casino and Slots
0,2013,0,Ampersand
0,2015,0,Catmouth Island
0,2013,0,Resident Evil Revelations / Biohazard Revelations
0,2014,0,Resident Evil Revelations / Biohazard Revelations
0,2014,0,Dream
0,2015,0,Dream
0,2014,0,The Moon Sliver
0,2014,0,Napoleon: Total War™
0,2014,0,Drift Streets Japan
0,2015,0,TerraTech
0,2013,0,The Elder Scrolls IV: Oblivion® Game of the Year Edition
0,2014,0,NEOTOKYO
0,2015,0,Destiny Warriors RPG
0,2015,0,Poker Night 2
0,2014,0,Poker Night 2
0,2015,0,Sirius Online
0,2015,0,Tales of Maj'Eyal
0,2014,0,Amazing World™
0,2015,0,The Isle
0,2015,0,Stellaris
0,2013,0,Spacebase DF-9
0,2015,0,Spacebase DF-9
0,2014,0,Worms Ultimate Mayhem
0,2013,0,The Ball
0,2015,0,The Ball
0,2015,0,Hektor
0,2015,0,Assassin's Creed Freedom Cry
0,2014,0,Dead Rising 2: Off the Record
0,2014,0,Woodcutter Simulator 2013
0,2015,0,Frozen Free Fall: Snowball Fight
0,2015,0,Frozen Free Fall: Snowball Fight
0,2015,0,Frozen Free Fall: Snowball Fight
0,2015,0,Cortex Command
0,2014,0,The Ship: Murder Party
0,2015,0,The SKIES
0,2014,0,Kingdom Wars
0,2015,0,Port of Call
0,2014,0,Mortal Kombat Komplete Edition
0,2015,0,Mortal Kombat Komplete Edition
0,2014,0,Tom Clancy’s Splinter Cell Blacklist
0,2015,0,PAYDAY 2: Gage Ninja Pack
0,2013,0,Paranautical Activity: Deluxe Atonement Edition
0,2015,0,Tokyo Hosto
0,2014,0,Stronghold Crusader 2
0,2014,0,Stronghold Crusader 2
0,2014,0,Evoland
0,2015,0,Evoland
0,2014,0,The Evil Within
0,2014,0,The Evil Within
0,2015,0,Minecraft: Story Mode - A Telltale Games Series
0,2015,0,Minecraft: Story Mode - A Telltale Games Series
0,2015,0,Universal Combat CE
0,2014,0,Worm.is: The Game
0,2014,0,Cosmonautica
0,2014,0,Game Tycoon 1.5
0,2015,0,Game Tycoon 1.5
0,2015,0,Zombie Panic! Source
0,2015,0,FINAL FANTASY® XIII-2
0,2015,0,GASP
0,2015,0,Braid
0,2015,0,Arma 3 Apex
0,2015,0,Gone Home
0,2014,0,Gone Home
0,2015,0,Gone Home
0,2015,0,Gone Home
0,2014,0,Planet of the Eyes
0,2015,0,Assassin’s Creed® Brotherhood
0,2014,0,Velvet Sundown
0,2015,0,Velvet Sundown
0,2014,0,Hydrophobia: Prophecy
0,2015,0,Survarium
0,2015,0,Survarium
0,2015,0,Survarium
0,2013,0,Survarium
0,2015,0,Survarium
0,2014,0,Rush Bros.
0,2015,0,Alien Rage - Unlimited
0,2015,0,Magicka 2
0,2015,0,Serious Sam 2
0,2015,0,TeraBlaster
0,2014,0,Sherlock Holmes: Crimes and Punishments
0,2015,0,Make it indie!
0,2014,0,Murder Miners
0,2014,0,Murder Miners
0,2015,0,Murder Miners
0,2014,0,BIT.TRIP RUNNER
0,2014,0,BIT.TRIP RUNNER
0,2014,0,BIT.TRIP RUNNER
0,2015,0,RollerCoaster Tycoon World™
0,2015,0,Leisure Suit Larry in the Land of the Lounge Lizards: Reloaded
0,2014,0,Peggle Extreme
0,2015,0,Tree of Savior (English Ver.)
0,2015,0,Tree of Savior (English Ver.)
0,2014,0,Tree of Savior (English Ver.)
0,2015,0,Tree of Savior (English Ver.)
0,2015,0,Smashball
0,2015,0,Total War Battles: KINGDOM
0,2015,0,Total War Battles: KINGDOM
0,2015,0,Total War Battles: KINGDOM
0,2014,0,Stronghold Crusader HD
0,2015,0,Voxelized
0,2015,0,Grass Simulator
0,2015,0,Uriel's Chasm
0,2015,0,Uriel's Chasm
0,2015,0,Uriel's Chasm
0,2014,0,Uriel's Chasm
0,2015,0,Steam Controller
0,2014,0,Hammerfight
0,2013,0,Yohjo Simulator
0,2014,0,Alien Breed 2: Assault
0,2015,0,Pillars of Eternity
0,2015,0,Valdis Story: Abyssal City
0,2014,0,Half-Life Deathmatch: Source
0,2015,0,The Crew™ Extreme Car Pack
0,2015,0,Savage Lands
0,2015,0,Savage Lands
0,2015,0,Savage Lands
0,2014,0,Robot Roller-Derby Disco Dodgeball
0,2014,0,Lords of Football
0,2014,0,resident evil 4 / biohazard 4
0,2014,0,Trials Evolution: Gold Edition
0,2015,0,Trials Evolution: Gold Edition
0,2014,0,Shroud of the Avatar: Forsaken Virtues
0,2013,0,La-Mulana
0,2014,0,Fallout 4 - Wasteland Workshop
0,2014,0,Unearthed: Trail of Ibn Battuta - Episode 1 - Gold Edition
0,2015,0,Woodle Tree Adventures
0,2013,0,Woodle Tree Adventures
0,2015,0,Woodle Tree Adventures
0,2015,0,12 Labours of Hercules II: The Cretan Bull
0,2014,0,Agricultural Simulator 2013 - Steam Edition
0,2015,0,Kane &amp; Lynch 2: Dog Days
0,2015,0,Kane &amp; Lynch 2: Dog Days
0,2015,0,FINAL FANTASY® XIII
0,2015,0,FINAL FANTASY® XIII
0,2014,0,FINAL FANTASY® XIII
0,2014,0,Mars: War Logs
0,2015,0,Firefly Online Cortex
0,2013,0,Riders of Icarus
0,2015,0,Riders of Icarus
0,2015,0,Riders of Icarus
0,2014,0,Depression Quest
0,2014,0,Depression Quest
0,2015,0,Anno Online
0,2014,0,Risen 3 - Titan Lords
0,2014,0,Puzzle Pirates
0,2013,0,Seduce Me the Otome
0,2014,0,Dungeon Defenders Eternity
0,2015,0,bit Dungeon II
0,2015,0,Blind Trust
0,2015,0,Lord of the Rings: War in the North
0,2015,0,The Showdown Effect
0,2014,0,The Showdown Effect
0,2015,0,The Showdown Effect
0,2012,0,Red Faction®: Armageddon™
0,2015,0,Lead and Gold: Gangs of the Wild West
0,2014,0,Lead and Gold: Gangs of the Wild West
0,2014,0,Proteus
0,2013,0,Proteus
0,2015,0,Ragnarok Clicker
0,2015,0,Rayman® Origins
0,2015,0,Scraps: Modular Vehicle Combat
0,2015,0,Dinosaur Hunt
0,2015,0,GRAV
0,2015,0,GRAV
0,2014,0,Reus
0,2014,0,Sacred 3
0,2014,0,S.T.A.L.K.E.R.: Shadow of Chernobyl
0,2014,0,Explodemon
0,2015,0,Majesty 2
0,2014,0,Strike Vector
0,2012,0,Strike Vector
0,2014,0,Strike Vector
0,2014,0,Intrusion 2
0,2015,0,Strike Suit Zero
0,2015,0,Disney•Pixar Cars 2: The Video Game
0,2015,0,One Piece Pirate Warriors 3
0,2015,0,Burgers
0,2014,0,Sleeping Dogs - High Resolution Texture Pack
0,2013,0,Guardians of Orion
0,2015,0,Guardians of Orion
0,2015,0,Guardians of Orion
0,2014,0,M.U.D. TV
0,2015,0,Euro Truck Simulator
0,2015,0,Faerie Solitaire
0,2013,0,RAGE
0,2014,0,Anno 2205™
0,2014,0,Tree of Life
0,2014,0,Saints Row IV - Anime Pack
0,2015,0,Saints Row: Gat out of Hell
0,2015,0,Trine 3: The Artifacts of Power
0,2013,0,Our Darker Purpose
0,2014,0,Starpoint Gemini 2
0,2014,0,30 IMPOSSIBLE LEVELS
0,2013,0,Revelations 2012
0,2014,0,Victory: The Age of Racing
0,2015,0,Flatout 3: Chaos &amp; Destruction
0,2015,0,HIS (Heroes In the Sky)
0,2014,0,Ragnarok Online 2
0,2015,0,Ragnarok Online 2
0,2015,0,Duet
0,2015,0,Baldur's Gate: Siege of Dragonspear
0,2015,0,Let the Cat in
0,2015,0,SUPER DISTRO
0,2015,0,SUPER DISTRO
0,2014,0,OlliOlli
0,2015,0,Fallout 4 - Contraptions Workshop
0,2014,0,Ben and Ed
0,2013,0,SimCity™ 4 Deluxe Edition
0,2015,0,Dishonored: Dunwall City Trials
0,2015,0,The Hat Man: Shadow Ward
0,2015,0,The Hat Man: Shadow Ward
0,2014,0,DEFCON
0,2014,0,World War III: Black Gold
0,2014,0,RollerCoaster Tycoon®: Deluxe
0,2014,0,XCOM 2: Anarchy's Children
0,2014,0,Human: Fall Flat
0,2014,0,Time Ramesside (A New Reckoning)
0,2014,0,Operation Flashpoint: Red River
0,2014,0,Alpha Kimori™ 1
0,2015,0,World of Goo
0,2015,0,Might &amp; Magic Heroes Online
0,2015,0,Trino
0,2014,0,Command &amp; Conquer 4: Tiberian Twilight
0,2013,0,1943 Megami Strike
0,2015,0,You Must Build A Boat
0,2014,0,Shadow Harvest: Phantom Ops
0,2014,0,Devil May Cry® 3 Special Edition
0,2015,0,Towns
0,2014,0,Towns
0,2013,0,Resilience: Wave Survival
0,2014,0,Darkwind: War on Wheels
0,2015,0,Skyborn
0,2015,0,Dungeons &amp; Dragons Online®
0,2014,0,Rabbit Hole 3D: Steam Edition
0,2015,0,Enclave
0,2014,0,Enclave
0,2013,0,Iesabel
0,2014,0,The Shopkeeper
0,2015,0,LEGO® Batman™3: Beyond Gotham
0,2014,0,Might &amp; Magic: Heroes VI
0,2014,0,Might &amp; Magic: Heroes VI
0,2015,0,Expansion - Crusader Kings II: Conclave
0,2014,0,Galaxy on Fire 2™ Full HD
0,2015,0,STAR WARS™: The Force Unleashed™ II
0,2015,0,STAR WARS™: The Force Unleashed™ II
0,2014,0,Super Chibi Knight
0,2015,0,The Settlers Online
0,2015,0,The Settlers Online
0,2013,0,Viking: Battle for Asgard
0,2014,0,Viking: Battle for Asgard
0,2014,0,Skara - The Blade Remains
0,2014,0,Gumboy Tournament
0,2014,0,Adventure Park
0,2015,0,Spoiler Alert
0,2012,0,The Kings' Crusade
0,2014,0,Roguelands
0,2014,0,StarMade
0,2015,0,Deep Dungeons of Doom
0,2013,0,King’s Bounty: Legions
0,2014,0,King’s Bounty: Legions
0,2014,0,TrackMania² Canyon
0,2015,0,The Interview
0,2015,0,Rooms: The Main Building
0,2015,0,Duke Nukem Forever
0,2015,0,Destination Sol
0,2015,0,Enigmatis 2: The Mists of Ravenwood
0,2014,0,Francisca
0,2015,0,Burstfire
0,2015,0,DEAD OR ALIVE 5 Last Round: Core Fighters
0,2015,0,DEAD OR ALIVE 5 Last Round: Core Fighters
0,2014,0,Rocketbirds: Hardboiled Chicken
0,2014,0,G-Ball
0,2014,0,Styx: Master of Shadows
0,2014,0,City of Steam: Arkadia
0,2014,0,Space Trader: Merchant Marine
0,2013,0,TrackMania² Stadium
0,2014,0,TrackMania² Stadium
0,2014,0,Half Dead
0,2015,0,Cricket Captain 2015
0,2014,0,Mercenary Kings
0,2014,0,Mercenary Kings
0,2014,0,ReignMaker
0,2015,0,Warhammer Quest
0,2013,0,RONIN
0,2015,0,X3: Terran Conflict
0,2013,0,Rise of Venice
0,2015,0,Fortress Forever
0,2015,0,Fortress Forever
0,2015,0,Tales of Zestiria
0,2015,0,Way of the Samurai 4
0,2014,0,The Stalin Subway
0,2015,0,Operation Flashpoint: Dragon Rising
0,2015,0,Oddworld: Stranger's Wrath HD
0,2014,0,Trapped Dead
0,2014,0,Crash Time 2
0,2014,0,Crash Time 2
0,2015,0,Tomb Raider I
0,2015,0,Jagged Alliance Flashback
0,2014,0,99 Levels To Hell
0,2015,0,A New Beginning - Final Cut
0,2015,0,Men of War: Assault Squad 2 - Iron Fist
0,2015,0,Nomad
0,2014,0,Far Cry®
0,2015,0,Warehouse and Logistics Simulator
0,2015,0,Heavy Fire: Afghanistan
0,2014,0,UBERMOSH
0,2014,0,Galactic Civilizations® II: Ultimate Edition
0,2015,0,Exanima
0,2014,0,Sparkle 2 Evo
0,2015,0,Pixel Puzzles: Japan
0,2014,0,Primal Fears
0,2015,0,Ultimate Vault Hunter Upgrade Pack: The Holodome Onslaught
0,2014,0,Ultimate Vault Hunter Upgrade Pack: The Holodome Onslaught
0,2014,0,Ultimate Vault Hunter Upgrade Pack: The Holodome Onslaught
0,2014,0,Tiny Troopers
0,2014,0,Battlepillars Gold Edition
0,2014,0,Lucius
0,2015,0,Lucius
0,2014,0,Adventures of Shuggy
0,2015,0,Memento Mori 2
0,2013,0,Thirty Flights of Loving
0,2014,0,DubWars Demo
0,2015,0,Face It - A game to fight inner demons
0,2015,0,Clash of the Monsters
0,2015,0,The Guild II Renaissance
0,2014,0,Racecraft
0,2013,0,The Center - ARK Expansion Map
0,2015,0,Ampu-Tea
0,2014,0,Cities in Motion 2
0,2014,0,Stronghold 3 Gold
0,2015,0,Never Alone (Kisima Ingitchuna)
0,2015,0,Passing Pineview Forest
0,2014,0,VEGA Conflict
0,2015,0,Clergy Splode
0,2015,0,Game of Thrones
0,2015,0,Genesis Online
0,2014,0,Zigfrak
0,2014,0,Dragon: The Game
0,2015,0,Strike.is: The Game
0,2014,0,LEGO® The Hobbit™
0,2014,0,Pacific Storm Allies
0,2015,0,Codename: Rogue Fleet
0,2015,0,How to Survive 2
0,2014,0,Battlefleet Gothic: Armada
0,2014,0,Victory At Sea
0,2015,0,Zombie Zoeds
0,2015,0,Gun Done
0,2013,0,Dead Island: Riptide Definitive Edition
0,2013,0,Max Payne 2: The Fall of Max Payne
0,2015,0,Borderlands 2: Sir Hammerlock’s Big Game Hunt
0,2015,0,Lootfest
0,2012,0,Worms Blast
0,2014,0,Ancient Space
0,2015,0,DIG IT! - A Digger Simulator
0,2015,0,ShootMania Storm
0,2015,0,Hyperdevotion Noire: Goddess Black Heart (Neptunia)
0,2015,0,Dead Effect
0,2015,0,Deer Hunt Legends
0,2015,0,X: Tension
0,2014,0,Teslagrad
0,2015,0,gravilon
0,2014,0,StarDrive
0,2014,0,16bit Trader
0,2014,0,BEEP
0,2013,0,Tryst
0,2014,0,Battlestations: Midway
0,2015,0,Glacier 3: The Meltdown
0,2014,0,Glacier 3: The Meltdown
0,2013,0,Call of Juarez®: The Cartel
0,2014,0,Dance Magic
0,2014,0,Batman™: Arkham Origins Blackgate - Deluxe Edition
0,2015,0,Marine Sharpshooter II: Jungle Warfare
0,2014,0,Vigil: Blood Bitterness™
0,2015,0,Mega Man Legacy Collection / ロックマン クラシックス コレクション
0,2015,0,Abyss Odyssey
0,2014,0,Abyss Odyssey
0,2015,0,Dispatcher
0,2014,0,Magrunner: Dark Pulse
0,2015,0,Risen 2: Dark Waters
0,2015,0,DOOM 3 Resurrection of Evil
0,2015,0,TDP4:Team Battle
0,2015,0,Shadows on the Vatican Act I: Greed
0,2014,0,Beyond Space Remastered Edition
0,2015,0,Heli Heroes
0,2014,0,The Repopulation
0,2014,0,Stronghold HD
0,2015,0,Epic Cards Battle(TCG)
0,2015,0,Ant War: Domination
0,2015,0,Pixel Dungeon
0,2014,0,YOU DON'T KNOW JACK HEADRUSH
0,2014,0,Industry Empire
0,2015,0,Call of Duty®: Advanced Warfare - Season Pass
0,2015,0,SpaceCorn
0,2013,0,Over The Void
0,2015,0,Pixel Hunter
0,2015,0,FIREFIGHT RELOADED
0,2014,0,Crusader Kings II: Warriors of Faith Unit Pack
0,2015,0,Aveyond 3-2: Gates of Night
0,2011,0,Men of War: Vietnam
0,2014,0,Just Cause 2: Monster Truck DLC
0,2015,0,Audition Online
0,2015,0,PAYDAY 2: Gage Assault Pack
0,2015,0,Muffin Knight
0,2015,0,Freshman Year
0,2015,0,"Warhammer 40,000: Kill Team"
0,2014,0,Demonlisher
0,2015,0,Calibre 10 Racing
0,2014,0,Fish Fillets 2
0,2015,0,Overlord: Fellowship of Evil
0,2013,0,Dungeons and Dragons: Daggerdale
0,2014,0,Tropico Reloaded
0,2014,0,Color Symphony
0,2015,0,Dead Horde
0,2015,0,Adam's Venture Chronicles
0,2014,0,Vitrum
0,2013,0,ROSE Online
0,2013,0,ADventure Lib
0,2015,0,Karate Master 2 Knock Down Blow
0,2014,0,Spate
0,2013,0,BIT.TRIP FATE
0,2015,0,Saint's Row: Gat Out of Hell - Devil's Workshop Pack
0,2015,0,Call of Duty®: Advanced Warfare - Havoc
0,2015,0,Another Perspective
